year,chinaword,count,keyword
1980,器材,3,Equipment
1980,安装,3,Installation
1980,销售,3,Sales
1980,租赁,3,Lease
1980,服务,3,Service
1980,通讯,2,Communication
1980,制造,2,Manufacturing
1980,通讯设备,2,Communication
1980,自有,2,Own
1980,经营,2,Operating
1980,批准,2,Approve
1980,通信,2,Communication
1980,承包,2,Contract
1980,房屋,2,Houses
1980,整机,1,Machine
1980,机械加工,1,Machining
1980,调测,1,Commissioning
1980,维修,1,Service
1980,厂房,1,Factory
1980,出租,1,Rent
1980,广告业务,1,Advertising
1980,依法,1,According
1980,须,1,Must
1980,项目,1,Project
1980,相关,1,Related
1980,部门,1,Department
1980,后方,1,Rear
1980,活动,1,Activity
1980,铁塔,1,Tower
1980,研发,1,Research
1980,维护,1,Maintain
1980,生产,1,Produce
1980,塑料,1,Plastic
1980,管材,1,Pipe
1980,管件,1,Pipe
1980,广播电视,1,Broadcasting
1980,电子产品,1,Electronic
1980,工程施工,1,Engineering
1980,总,1,Total
1980,活动房,1,Events
1980,钢结构,1,Steel
1980,工程,1,Engineering
1980,专业,1,Profession
1980,建筑施工,1,Building
1980,劳务,1,Service
1980,作业,1,Operation
1980,机械,1,Mechanical
1980,零部件,1,Parts
1980,加工,1,Machining
1980,办公,1,Office
1981,设计,5,Design
1981,制作,5,Production
1981,文化,4,Culture
1981,销售,4,Sales
1981,进出口,4,Import
1981,技术,4,Technology
1981,工程设计,3,Engineering
1981,活动,3,Activity
1981,设施,3,Facility
1981,投资,3,Investment
1981,管理,3,Management
1981,服务,3,Service
1981,研发,3,Research
1981,业务,3,Business
1981,开发,2,Development
1981,维护,2,Maintain
1981,代理,2,Proxy
1981,展览,2,Exhibition
1981,培训,2,Training
1981,艺术,2,Art
1981,技术咨询,2,Technical
1981,经济,2,Economic
1981,出租,2,Rent
1981,转让,2,Transfer
1981,仪器仪表,2,Instrumentation
1981,计算机,2,Computer
1981,自动化,2,Automation
1981,生产,2,Produce
1981,批准,2,Approve
1981,通讯器材,1,Communication
1981,网络媒体,1,Internet
1981,发布,1,Release
1981,国内,1,Domestic
1981,外商,1,Foreign
1981,来华,1,Coming
1981,广告,1,Ad
1981,户外广告,1,Outdoor
1981,承办,1,Undertake
1981,大型,1,Large
1981,展销,1,Exhibition
1981,组织,1,Organization
1981,交流活动,1,Communication
1981,人才,1,Talent
1981,收购,1,Acquisition
1981,美术品,1,Artwork
1981,旅游,1,Tourism
1981,纪念品,1,Souvenir
1981,工艺美术品,1,Arts
1981,文物,1,Cultural
1981,艺术品,1,Artwork
1983,箱,3,Box
1983,通讯,2,Communication
1983,设备,1,Device
1983,机电产品,1,Electronics
1983,产品,1,Product
1983,电子,1,Electronic
1983,元器件,1,Components
1983,家用电器,1,Household
1983,仪器仪表,1,Instrumentation
1983,配件,1,Accessories
1983,电话,1,Phone
1983,交接,1,Handover
1983,计量,1,Metering
1983,照明,1,Illumination
1983,配电箱,1,Distribution
1983,机械制造,1,Machine
1983,加工,1,Machining
1983,五金配件,1,Hardware
1984,服务,14,Service
1984,计算机,10,Computer
1984,销售,8,Sales
1984,业务,8,Business
1984,咨询,7,Advisory
1984,开发,7,Development
1984,技术,7,Technology
1984,技术开发,6,Technology
1984,设备,6,Device
1984,设计,6,Design
1984,产品,6,Product
1984,经营,5,Operating
1984,企业,5,Enterprise
1984,安装,4,Installation
1984,相关,4,Related
1984,计算机网络,4,Computer
1984,批准,4,Approve
1984,计算机软件,4,Computer
1984,自动化,3,Automation
1984,项目,3,Project
1984,活动,3,Activity
1984,信息,3,Information
1984,软件,3,Software
1984,系统集成,3,System
1984,生产,3,Produce
1984,系统,3,System
1984,制造,3,Manufacturing
1984,金融,3,Financial
1984,软硬件,2,Software
1984,研究,2,The
1984,推广,2,Promotion
1984,调试,2,Debugging
1984,依法,2,According
1984,须,2,Must
1984,部门,2,Department
1984,后方,2,Rear
1984,网络,2,The
1984,科技,2,Technology
1984,转让,2,Transfer
1984,管理,2,Management
1984,租赁,2,Lease
1984,维护,2,Maintain
1984,代理,2,Proxy
1984,互联网,2,The
1984,通讯设备,2,Communication
1984,各类,2,Various
1984,电子,2,Electronic
1984,仪器仪表,2,Instrumentation
1984,成员,2,Member
1984,计算机房,2,Computer
1985,批发,17,Wholesale
1985,零售,15,Retail
1985,计算机,14,Computer
1985,设备,12,Device
1985,技术,9,Technology
1985,制造,8,Manufacturing
1985,服务,7,Service
1985,销售,7,Sales
1985,工程,6,Engineering
1985,电子产品,6,Electronic
1985,安装,5,Installation
1985,技术开发,5,Technology
1985,施工,5,Construction
1985,通信,5,Communication
1985,技术咨询,4,Technical
1985,维修,4,Service
1985,场地,4,Site
1985,设计,4,Design
1985,开发,4,Development
1985,软硬件,4,Software
1985,电子设备,3,Electronic
1985,产品,3,Product
1985,生产,3,Produce
1985,零配件,3,Spare
1985,电子,3,Electronic
1985,照相,3,Photography
1985,器材,3,Equipment
1985,钟表,3,Clock
1985,系统,3,System
1985,技术转让,2,Technology
1985,调试,2,Debugging
1985,配件,2,Accessories
1985,智能化,2,Intelligent
1985,工程设计,2,Engineering
1985,场地工程,2,Site
1985,工业,2,Industry
1985,配套,2,Matching
1985,经营,2,Operating
1985,咨询服务,2,Consultation
1985,自有,2,Own
1985,租赁,2,Lease
1985,进出口,2,Import
1985,劳务,2,Service
1985,计算机系统,2,Computer
1985,仪器仪表,2,Instrumentation
1985,研究,2,The
1985,批准,2,Approve
1985,元器件,2,Components
1985,电工器材,2,Electrical
1985,纺织品,2,Textile
1986,销售,15,Sales
1986,服务,11,Service
1986,设备,10,Device
1986,租赁,8,Lease
1986,产品,8,Product
1986,技术,8,Technology
1986,计算机,7,Computer
1986,通信,7,Communication
1986,运输,7,Transport
1986,开发,6,Development
1986,代理,6,Proxy
1986,转让,5,Transfer
1986,技术开发,4,Technology
1986,咨询,4,Advisory
1986,零售,4,Retail
1986,批发,4,Wholesale
1986,材料,4,Material
1986,技术咨询,4,Technical
1986,物业管理,4,Property
1986,国内,4,Domestic
1986,业务,4,Business
1986,船舶,4,Ship
1986,系统工程,3,System
1986,电子,3,Electronic
1986,工程,3,Engineering
1986,技术培训,3,Technical
1986,电子产品,3,Electronic
1986,通讯,3,Communication
1986,装饰,3,Decoration
1986,维修,3,Service
1986,安装,3,Installation
1986,计算机软件,3,Computer
1986,房屋,3,Houses
1986,生物,3,Biological
1986,修理,3,Repair
1986,贸易,3,Trading
1986,货物,3,Goods
1986,进出口,3,Import
1986,商品,3,Commodity
1986,旅游,3,Tourism
1986,投资,3,Investment
1986,航线,3,Route
1986,沿海,3,Coastal
1986,货船,3,Cargo
1986,客滚,3,Guest
1986,港口,3,Port
1986,成果,2,Result
1986,配套,2,Matching
1986,办公自动化,2,Office
1986,办公设备,2,Office
1987,计算机,13,Computer
1987,产品,8,Product
1987,设备,7,Device
1987,开发,7,Development
1987,服务,7,Service
1987,批准,7,Approve
1987,销售,6,Sales
1987,经营,6,Operating
1987,零售,5,Retail
1987,项目,5,Project
1987,活动,5,Activity
1987,器材,4,Equipment
1987,电子,4,Electronic
1987,信息,4,Information
1987,咨询,4,Advisory
1987,租赁,4,Lease
1987,依法,4,According
1987,维修,3,Service
1987,食品,3,Food
1987,业务,3,Business
1987,安装,3,Installation
1987,软硬件,3,Software
1987,企业,3,Enterprise
1987,外部设备,3,External
1987,计算机系统,3,Computer
1987,须,3,Must
1987,相关,3,Related
1987,部门,3,Department
1987,软件,2,Software
1987,辅助,2,Auxiliary
1987,批发,2,Wholesale
1987,预,2,Pre
1987,包装,2,Package
1987,计算机软件,2,Computer
1987,网络,2,The
1987,技术,2,Technology
1987,工程,2,Engineering
1987,进出口,2,Import
1987,咨询服务,2,Consultation
1987,日用百货,2,Daily
1987,零部件,2,Parts
1987,制造,2,Manufacturing
1987,管理,2,Management
1987,房屋,2,Houses
1987,仪器仪表,2,Instrumentation
1987,元器件,2,Components
1987,系统,2,System
1987,技术开发,2,Technology
1987,仪表,2,Meter
1987,生产,2,Produce
1988,服务,34,Service
1988,计算机,20,Computer
1988,技术,16,Technology
1988,批准,15,Approve
1988,批发,13,Wholesale
1988,经营,13,Operating
1988,销售,12,Sales
1988,设备,12,Device
1988,通信,11,Communication
1988,软硬件,10,Software
1988,技术开发,10,Technology
1988,工程,9,Engineering
1988,配件,9,Accessories
1988,相关,9,Related
1988,活动,9,Activity
1988,产品,8,Product
1988,技术咨询,8,Technical
1988,依法,8,According
1988,项目,8,Project
1988,须,7,Must
1988,部门,7,Department
1988,维修,6,Service
1988,通讯,6,Communication
1988,技术转让,6,Technology
1988,后方,6,Rear
1988,进出口,6,Import
1988,通讯设备,5,Communication
1988,安装,5,Installation
1988,代理,5,Proxy
1988,电子,5,Electronic
1988,零配件,5,Spare
1988,零售,5,Retail
1988,企业,5,Enterprise
1988,业务,5,Business
1988,国内,4,Domestic
1988,开发,4,Development
1988,制造,3,Manufacturing
1988,计算机网络,3,Computer
1988,工程设计,3,Engineering
1988,物业管理,3,Property
1988,电子产品,3,Electronic
1988,办公自动化,3,Office
1988,生产,3,Produce
1988,计算机系统,3,Computer
1988,信息,3,Information
1988,第二类,3,Second
1988,增值,3,Value
1988,电信业务,3,Telecommunications
1988,中,3,In
1988,系统集成,3,System
1989,服务,36,Service
1989,计算机,32,Computer
1989,经营,24,Operating
1989,设备,23,Device
1989,技术,20,Technology
1989,销售,20,Sales
1989,相关,15,Related
1989,批准,15,Approve
1989,租赁,14,Lease
1989,业务,14,Business
1989,开发,12,Development
1989,电子,12,Electronic
1989,仪器仪表,11,Instrumentation
1989,安装,11,Installation
1989,项目,10,Project
1989,家用电器,9,Household
1989,产品,9,Product
1989,设计,9,Design
1989,后方,9,Rear
1989,企业,9,Enterprise
1989,维修,8,Service
1989,依法,8,According
1989,工程,8,Engineering
1989,活动,8,Activity
1989,技术开发,7,Technology
1989,通讯,7,Communication
1989,零售,7,Retail
1989,商品,7,Commodity
1989,进出口,7,Import
1989,须,7,Must
1989,部门,7,Department
1989,咨询,6,Advisory
1989,元器件,6,Components
1989,咨询服务,6,Consultation
1989,器材,6,Equipment
1989,生产,6,Produce
1989,集成,5,Integrated
1989,配件,5,Accessories
1989,软件开发,5,Software
1989,日用百货,5,Daily
1989,信息,5,Information
1989,计算机机房,5,Computer
1989,批发,5,Wholesale
1989,审批,5,Approval
1989,房屋,5,Houses
1989,软硬件,5,Software
1989,自有,5,Own
1989,贸易,5,Trading
1989,系统,5,System
1989,计算机软件,4,Computer
1990,计算机,28,Computer
1990,销售,23,Sales
1990,服务,18,Service
1990,设备,14,Device
1990,配件,13,Accessories
1990,开发,13,Development
1990,设计,12,Design
1990,维修,10,Service
1990,产品,9,Product
1990,仪器仪表,9,Instrumentation
1990,工程,9,Engineering
1990,通讯设备,8,Communication
1990,计算机软件,8,Computer
1990,技术,8,Technology
1990,办公设备,7,Office
1990,咨询,7,Advisory
1990,安装,7,Installation
1990,电子,7,Electronic
1990,机械,7,Mechanical
1990,装饰,6,Decoration
1990,材料,6,Material
1990,电子产品,6,Electronic
1990,元器件,6,Components
1990,制作,6,Production
1990,软硬件,6,Software
1990,塑料制品,5,Plastic
1990,办公用品,5,Office
1990,日用百货,5,Daily
1990,维护,5,Maintain
1990,通讯,5,Communication
1990,经营,5,Operating
1990,制造,4,Manufacturing
1990,批发,4,Wholesale
1990,零售,4,Retail
1990,家用电器,4,Household
1990,生产,4,Produce
1990,制品,4,Product
1990,网络,4,The
1990,技术开发,4,Technology
1990,计算机技术,4,Computer
1990,五金配件,3,Hardware
1990,耗材,3,Consumables
1990,计算机网络,3,Computer
1990,五金,3,Hardware
1990,兼,3,Concurrently
1990,图文,3,Graphic
1990,转让,3,Transfer
1990,外围设备,3,Peripheral
1990,文化,3,Culture
1990,建筑材料,3,Building
1991,计算机,28,Computer
1991,服务,23,Service
1991,销售,23,Sales
1991,技术,22,Technology
1991,设备,19,Device
1991,工程,17,Engineering
1991,批发,17,Wholesale
1991,零售,16,Retail
1991,开发,14,Development
1991,设计,13,Design
1991,电子产品,12,Electronic
1991,批准,11,Approve
1991,技术开发,10,Technology
1991,计算机软件,10,Computer
1991,咨询,10,Advisory
1991,信息,9,Information
1991,咨询服务,8,Consultation
1991,生产,8,Produce
1991,经营,8,Operating
1991,产品,7,Product
1991,安装,7,Installation
1991,施工,7,Construction
1991,技术咨询,7,Technical
1991,器材,7,Equipment
1991,相关,7,Related
1991,系统工程,7,System
1991,业务,7,Business
1991,租赁,6,Lease
1991,软件,6,Software
1991,智能化,6,Intelligent
1991,研发,6,Research
1991,五金交电,6,Wujinjiaodian
1991,网络,6,The
1991,机电,5,Electromechanical
1991,技术转让,5,Technology
1991,通信,5,Communication
1991,电子,5,Electronic
1991,建筑,5,Building
1991,配件,5,Accessories
1991,通讯,5,Communication
1991,企业,5,Enterprise
1991,依法,5,According
1991,须,5,Must
1991,项目,5,Project
1991,部门,5,Department
1991,活动,5,Activity
1991,管理,5,Management
1991,自动化,4,Automation
1991,印刷,4,Print
1991,进出口,4,Import
1992,计算机,106,Computer
1992,服务,100,Service
1992,销售,89,Sales
1992,开发,71,Development
1992,设备,70,Device
1992,技术,66,Technology
1992,产品,39,Product
1992,咨询,36,Advisory
1992,批准,34,Approve
1992,设计,34,Design
1992,安装,34,Installation
1992,批发,32,Wholesale
1992,技术开发,31,Technology
1992,零售,30,Retail
1992,经营,28,Operating
1992,软硬件,28,Software
1992,相关,27,Related
1992,计算机软件,25,Computer
1992,制造,24,Manufacturing
1992,通讯,23,Communication
1992,工程,23,Engineering
1992,电子,22,Electronic
1992,活动,21,Activity
1992,技术咨询,21,Technical
1992,电子产品,20,Electronic
1992,项目,20,Project
1992,器材,20,Equipment
1992,信息,20,Information
1992,仪器仪表,20,Instrumentation
1992,咨询服务,19,Consultation
1992,配件,18,Accessories
1992,工程设计,17,Engineering
1992,租赁,17,Lease
1992,依法,17,According
1992,维修,17,Service
1992,通讯设备,17,Communication
1992,材料,17,Material
1992,通信,17,Communication
1992,软件,16,Software
1992,集成,16,Integrated
1992,须,16,Must
1992,部门,16,Department
1992,系统,16,System
1992,自动化,15,Automation
1992,生产,15,Produce
1992,外部设备,15,External
1992,网络,14,The
1992,后方,14,Rear
1992,机械,14,Mechanical
1992,施工,13,Construction
1993,计算机,181,Computer
1993,销售,175,Sales
1993,服务,165,Service
1993,设备,148,Device
1993,技术,109,Technology
1993,批准,101,Approve
1993,经营,99,Operating
1993,开发,88,Development
1993,产品,72,Product
1993,技术开发,71,Technology
1993,项目,70,Project
1993,活动,67,Activity
1993,相关,65,Related
1993,安装,58,Installation
1993,电子产品,57,Electronic
1993,软硬件,55,Software
1993,依法,54,According
1993,咨询,53,Advisory
1993,设计,51,Design
1993,工程,49,Engineering
1993,须,48,Must
1993,五金交电,48,Wujinjiaodian
1993,部门,47,Department
1993,配件,45,Accessories
1993,仪器仪表,44,Instrumentation
1993,维修,44,Service
1993,通信,44,Communication
1993,批发,44,Wholesale
1993,后方,44,Rear
1993,通讯设备,40,Communication
1993,信息,40,Information
1993,生产,38,Produce
1993,器材,38,Equipment
1993,技术咨询,37,Technical
1993,电子,37,Electronic
1993,施工,35,Construction
1993,计算机软件,33,Computer
1993,百货,33,Department
1993,材料,32,Material
1993,咨询服务,32,Consultation
1993,建筑材料,30,Building
1993,机械,30,Mechanical
1993,技术转让,30,Technology
1993,通讯,30,Communication
1993,办公用品,29,Office
1993,零售,28,Retail
1993,系统,28,System
1993,硬件,28,Hardware
1993,机械设备,27,Equipment
1993,租赁,26,Lease
1994,计算机,205,Computer
1994,服务,200,Service
1994,销售,157,Sales
1994,技术,148,Technology
1994,设备,130,Device
1994,开发,102,Development
1994,批发,81,Wholesale
1994,产品,70,Product
1994,批准,68,Approve
1994,安装,64,Installation
1994,技术开发,63,Technology
1994,零售,63,Retail
1994,工程,60,Engineering
1994,设计,60,Design
1994,电子产品,55,Electronic
1994,通讯设备,54,Communication
1994,相关,54,Related
1994,通信,53,Communication
1994,软硬件,52,Software
1994,经营,49,Operating
1994,咨询,48,Advisory
1994,系统,48,System
1994,维修,45,Service
1994,配件,42,Accessories
1994,计算机软件,41,Computer
1994,仪器仪表,40,Instrumentation
1994,信息,40,Information
1994,项目,40,Project
1994,技术咨询,39,Technical
1994,集成,38,Integrated
1994,咨询服务,37,Consultation
1994,活动,37,Activity
1994,电子,33,Electronic
1994,依法,33,According
1994,须,33,Must
1994,部门,33,Department
1994,五金交电,33,Wujinjiaodian
1994,后方,32,Rear
1994,计算机系统,31,Computer
1994,材料,29,Material
1994,软件,27,Software
1994,通讯,26,Communication
1994,进出口,26,Import
1994,计算机网络,26,Computer
1994,技术转让,25,Technology
1994,生产,24,Produce
1994,制造,24,Manufacturing
1994,研究,24,The
1994,业务,23,Business
1994,租赁,23,Lease
1995,计算机,295,Computer
1995,服务,248,Service
1995,销售,235,Sales
1995,技术,173,Technology
1995,设备,168,Device
1995,开发,132,Development
1995,批准,132,Approve
1995,经营,123,Operating
1995,安装,99,Installation
1995,工程,98,Engineering
1995,设计,94,Design
1995,电子产品,94,Electronic
1995,技术开发,94,Technology
1995,批发,89,Wholesale
1995,零售,89,Retail
1995,相关,89,Related
1995,软硬件,83,Software
1995,咨询,83,Advisory
1995,产品,81,Product
1995,项目,81,Project
1995,配件,73,Accessories
1995,活动,72,Activity
1995,依法,65,According
1995,维修,64,Service
1995,须,64,Must
1995,部门,62,Department
1995,后方,60,Rear
1995,技术咨询,58,Technical
1995,施工,56,Construction
1995,通讯设备,56,Communication
1995,电子,55,Electronic
1995,计算机软件,55,Computer
1995,系统,52,System
1995,五金交电,50,Wujinjiaodian
1995,维护,49,Maintain
1995,软件,47,Software
1995,仪器仪表,45,Instrumentation
1995,制造,45,Manufacturing
1995,办公设备,45,Office
1995,通信,44,Communication
1995,网络,42,The
1995,计算机网络,41,Computer
1995,家用电器,41,Household
1995,业务,40,Business
1995,进出口,40,Import
1995,集成,39,Integrated
1995,建筑,36,Building
1995,器材,35,Equipment
1995,通讯,35,Communication
1995,通讯器材,35,Communication
1996,计算机,336,Computer
1996,销售,317,Sales
1996,服务,315,Service
1996,技术,220,Technology
1996,设备,201,Device
1996,开发,175,Development
1996,批准,143,Approve
1996,工程,134,Engineering
1996,经营,116,Operating
1996,安装,114,Installation
1996,技术开发,113,Technology
1996,产品,110,Product
1996,电子产品,108,Electronic
1996,设计,105,Design
1996,项目,99,Project
1996,软硬件,97,Software
1996,零售,97,Retail
1996,配件,96,Accessories
1996,咨询,90,Advisory
1996,相关,86,Related
1996,五金交电,84,Wujinjiaodian
1996,活动,81,Activity
1996,维修,78,Service
1996,技术咨询,78,Technical
1996,计算机软件,78,Computer
1996,批发,77,Wholesale
1996,仪器仪表,74,Instrumentation
1996,电子,71,Electronic
1996,依法,70,According
1996,后方,70,Rear
1996,部门,69,Department
1996,须,68,Must
1996,通信,67,Communication
1996,施工,59,Construction
1996,进出口,59,Import
1996,建筑材料,58,Building
1996,通讯设备,55,Communication
1996,计算机网络,55,Computer
1996,生产,55,Produce
1996,办公设备,53,Office
1996,机械设备,53,Equipment
1996,咨询服务,52,Consultation
1996,通讯器材,50,Communication
1996,家用电器,49,Household
1996,业务,48,Business
1996,计算机系统,47,Computer
1996,系统集成,46,System
1996,建筑,46,Building
1996,技术转让,46,Technology
1996,办公用品,45,Office
1997,计算机,577,Computer
1997,销售,521,Sales
1997,服务,481,Service
1997,设备,359,Device
1997,技术,302,Technology
1997,开发,281,Development
1997,零售,211,Retail
1997,产品,203,Product
1997,工程,199,Engineering
1997,批发,191,Wholesale
1997,批准,191,Approve
1997,设计,181,Design
1997,电子产品,181,Electronic
1997,安装,170,Installation
1997,技术开发,164,Technology
1997,软硬件,154,Software
1997,配件,148,Accessories
1997,经营,147,Operating
1997,相关,135,Related
1997,咨询,131,Advisory
1997,项目,125,Project
1997,计算机软件,125,Computer
1997,维修,122,Service
1997,计算机网络,118,Computer
1997,活动,113,Activity
1997,通信,112,Communication
1997,系统,109,System
1997,电子,106,Electronic
1997,仪器仪表,106,Instrumentation
1997,五金交电,102,Wujinjiaodian
1997,办公设备,102,Office
1997,咨询服务,100,Consultation
1997,通讯器材,99,Communication
1997,技术咨询,99,Technical
1997,后方,97,Rear
1997,施工,96,Construction
1997,依法,96,According
1997,须,95,Must
1997,部门,93,Department
1997,通讯设备,90,Communication
1997,办公用品,87,Office
1997,家用电器,82,Household
1997,建筑材料,78,Building
1997,集成,77,Integrated
1997,材料,77,Material
1997,信息,76,Information
1997,器材,76,Equipment
1997,网络,76,The
1997,软件,74,Software
1997,硬件,74,Hardware
1998,计算机,1043,Computer
1998,服务,907,Service
1998,销售,824,Sales
1998,技术,634,Technology
1998,设备,622,Device
1998,开发,517,Development
1998,批准,402,Approve
1998,工程,369,Engineering
1998,零售,347,Retail
1998,经营,334,Operating
1998,批发,329,Wholesale
1998,电子产品,323,Electronic
1998,设计,322,Design
1998,安装,296,Installation
1998,软硬件,290,Software
1998,技术开发,284,Technology
1998,产品,281,Product
1998,相关,273,Related
1998,维修,253,Service
1998,项目,251,Project
1998,活动,233,Activity
1998,计算机软件,229,Computer
1998,咨询,228,Advisory
1998,配件,227,Accessories
1998,计算机网络,205,Computer
1998,依法,203,According
1998,电子,199,Electronic
1998,后方,198,Rear
1998,部门,197,Department
1998,施工,194,Construction
1998,须,193,Must
1998,五金交电,190,Wujinjiaodian
1998,信息,179,Information
1998,通信,175,Communication
1998,技术咨询,174,Technical
1998,通讯设备,171,Communication
1998,仪器仪表,168,Instrumentation
1998,办公设备,166,Office
1998,系统,162,System
1998,咨询服务,149,Consultation
1998,办公用品,149,Office
1998,网络,147,The
1998,家用电器,139,Household
1998,集成,139,Integrated
1998,软件,139,Software
1998,业务,137,Business
1998,通讯器材,132,Communication
1998,材料,132,Material
1998,进出口,124,Import
1998,器材,124,Equipment
1999,计算机,1428,Computer
1999,服务,1208,Service
1999,销售,1132,Sales
1999,设备,915,Device
1999,技术,756,Technology
1999,开发,711,Development
1999,批准,534,Approve
1999,工程,507,Engineering
1999,零售,448,Retail
1999,安装,437,Installation
1999,电子产品,436,Electronic
1999,经营,433,Operating
1999,批发,432,Wholesale
1999,产品,418,Product
1999,软硬件,402,Software
1999,设计,387,Design
1999,技术开发,383,Technology
1999,相关,371,Related
1999,配件,347,Accessories
1999,项目,340,Project
1999,计算机软件,338,Computer
1999,维修,336,Service
1999,活动,307,Activity
1999,计算机网络,274,Computer
1999,依法,266,According
1999,部门,260,Department
1999,技术咨询,257,Technical
1999,须,253,Must
1999,咨询,252,Advisory
1999,后方,252,Rear
1999,仪器仪表,246,Instrumentation
1999,五金交电,240,Wujinjiaodian
1999,办公设备,239,Office
1999,通讯设备,232,Communication
1999,电子,226,Electronic
1999,施工,218,Construction
1999,集成,213,Integrated
1999,通信,210,Communication
1999,咨询服务,206,Consultation
1999,网络,206,The
1999,办公用品,199,Office
1999,信息,194,Information
1999,家用电器,182,Household
1999,器材,179,Equipment
1999,耗材,178,Consumables
1999,软件,178,Software
1999,系统,174,System
1999,硬件,169,Hardware
1999,通讯器材,168,Communication
1999,计算机系统,165,Computer
2000,计算机,1685,Computer
2000,销售,1557,Sales
2000,服务,1505,Service
2000,设备,1206,Device
2000,技术,1011,Technology
2000,开发,979,Development
2000,零售,641,Retail
2000,批准,572,Approve
2000,工程,564,Engineering
2000,批发,561,Wholesale
2000,安装,546,Installation
2000,电子产品,535,Electronic
2000,设计,530,Design
2000,产品,518,Product
2000,计算机软件,468,Computer
2000,软硬件,449,Software
2000,经营,449,Operating
2000,维修,435,Service
2000,相关,424,Related
2000,技术开发,402,Technology
2000,配件,401,Accessories
2000,项目,387,Project
2000,网络,352,The
2000,咨询,351,Advisory
2000,施工,343,Construction
2000,计算机网络,343,Computer
2000,活动,326,Activity
2000,办公设备,315,Office
2000,耗材,314,Consumables
2000,五金交电,297,Wujinjiaodian
2000,办公用品,294,Office
2000,咨询服务,288,Consultation
2000,信息,283,Information
2000,依法,283,According
2000,部门,282,Department
2000,系统,279,System
2000,后方,278,Rear
2000,技术咨询,275,Technical
2000,通信,274,Communication
2000,电子,273,Electronic
2000,须,273,Must
2000,集成,265,Integrated
2000,系统集成,263,System
2000,通讯设备,245,Communication
2000,仪器仪表,243,Instrumentation
2000,维护,238,Maintain
2000,家用电器,235,Household
2000,器材,235,Equipment
2000,通讯器材,228,Communication
2000,硬件,224,Hardware
2001,计算机,1585,Computer
2001,销售,1516,Sales
2001,服务,1288,Service
2001,设备,1055,Device
2001,开发,966,Development
2001,技术,915,Technology
2001,工程,616,Engineering
2001,电子产品,563,Electronic
2001,软硬件,522,Software
2001,安装,522,Installation
2001,产品,520,Product
2001,设计,518,Design
2001,零售,500,Retail
2001,批准,496,Approve
2001,批发,450,Wholesale
2001,计算机软件,438,Computer
2001,经营,411,Operating
2001,相关,401,Related
2001,维修,398,Service
2001,配件,395,Accessories
2001,施工,375,Construction
2001,技术开发,372,Technology
2001,项目,350,Project
2001,网络,320,The
2001,咨询,319,Advisory
2001,办公设备,314,Office
2001,计算机网络,309,Computer
2001,集成,297,Integrated
2001,技术咨询,287,Technical
2001,耗材,282,Consumables
2001,活动,280,Activity
2001,仪器仪表,275,Instrumentation
2001,五金交电,271,Wujinjiaodian
2001,后方,270,Rear
2001,办公用品,269,Office
2001,通信,252,Communication
2001,系统集成,249,System
2001,电子,249,Electronic
2001,器材,248,Equipment
2001,依法,248,According
2001,部门,248,Department
2001,须,242,Must
2001,信息,231,Information
2001,系统,230,System
2001,通讯器材,227,Communication
2001,通讯设备,226,Communication
2001,咨询服务,223,Consultation
2001,计算机系统,220,Computer
2001,维护,213,Maintain
2001,工程设计,205,Engineering
2002,销售,1890,Sales
2002,计算机,1886,Computer
2002,服务,1442,Service
2002,设备,1354,Device
2002,开发,1076,Development
2002,技术,1006,Technology
2002,工程,731,Engineering
2002,电子产品,728,Electronic
2002,批准,708,Approve
2002,安装,685,Installation
2002,零售,670,Retail
2002,产品,643,Product
2002,软硬件,595,Software
2002,设计,582,Design
2002,批发,564,Wholesale
2002,配件,550,Accessories
2002,计算机软件,539,Computer
2002,维修,518,Service
2002,经营,503,Operating
2002,相关,502,Related
2002,项目,462,Project
2002,计算机网络,403,Computer
2002,耗材,392,Consumables
2002,技术开发,389,Technology
2002,办公用品,379,Office
2002,仪器仪表,377,Instrumentation
2002,活动,377,Activity
2002,施工,371,Construction
2002,五金交电,369,Wujinjiaodian
2002,集成,368,Integrated
2002,后方,363,Rear
2002,咨询,349,Advisory
2002,依法,349,According
2002,网络,348,The
2002,部门,346,Department
2002,办公设备,340,Office
2002,须,333,Must
2002,器材,327,Equipment
2002,系统集成,322,System
2002,通信,312,Communication
2002,电子,297,Electronic
2002,硬件,297,Hardware
2002,计算机系统,296,Computer
2002,维护,293,Maintain
2002,通讯器材,286,Communication
2002,家用电器,285,Household
2002,系统,284,System
2002,技术咨询,277,Technical
2002,通讯设备,275,Communication
2002,咨询服务,265,Consultation
2003,销售,2554,Sales
2003,计算机,2300,Computer
2003,服务,1838,Service
2003,设备,1705,Device
2003,开发,1335,Development
2003,技术,1291,Technology
2003,工程,918,Engineering
2003,电子产品,887,Electronic
2003,批准,831,Approve
2003,软硬件,792,Software
2003,安装,783,Installation
2003,产品,779,Product
2003,设计,692,Design
2003,零售,655,Retail
2003,相关,620,Related
2003,计算机软件,617,Computer
2003,经营,617,Operating
2003,配件,602,Accessories
2003,批发,590,Wholesale
2003,维修,577,Service
2003,项目,525,Project
2003,咨询,520,Advisory
2003,耗材,519,Consumables
2003,计算机网络,476,Computer
2003,办公用品,474,Office
2003,办公设备,464,Office
2003,技术开发,464,Technology
2003,活动,459,Activity
2003,网络,444,The
2003,集成,444,Integrated
2003,五金交电,429,Wujinjiaodian
2003,施工,428,Construction
2003,仪器仪表,417,Instrumentation
2003,后方,414,Rear
2003,部门,412,Department
2003,依法,407,According
2003,器材,403,Equipment
2003,系统集成,394,System
2003,须,393,Must
2003,通信,376,Communication
2003,电子,364,Electronic
2003,技术咨询,360,Technical
2003,计算机系统,360,Computer
2003,家用电器,351,Household
2003,硬件,336,Hardware
2003,通讯设备,335,Communication
2003,通讯器材,319,Communication
2003,维护,317,Maintain
2003,日用百货,313,Daily
2003,信息,312,Information
2004,销售,3782,Sales
2004,计算机,3731,Computer
2004,服务,3234,Service
2004,设备,2506,Device
2004,技术,2195,Technology
2004,开发,2071,Development
2004,软硬件,1404,Software
2004,电子产品,1348,Electronic
2004,批准,1331,Approve
2004,设计,1258,Design
2004,工程,1246,Engineering
2004,安装,1123,Installation
2004,产品,1122,Product
2004,经营,1046,Operating
2004,零售,1014,Retail
2004,咨询,991,Advisory
2004,计算机软件,971,Computer
2004,批发,967,Wholesale
2004,相关,967,Related
2004,技术开发,891,Technology
2004,项目,886,Project
2004,配件,884,Accessories
2004,维修,800,Service
2004,网络,800,The
2004,耗材,782,Consumables
2004,活动,754,Activity
2004,计算机网络,738,Computer
2004,集成,708,Integrated
2004,办公用品,702,Office
2004,后方,680,Rear
2004,技术咨询,666,Technical
2004,办公设备,657,Office
2004,依法,653,According
2004,系统集成,652,System
2004,部门,647,Department
2004,施工,644,Construction
2004,须,642,Must
2004,通信,622,Communication
2004,计算机系统,617,Computer
2004,维护,602,Maintain
2004,五金交电,586,Wujinjiaodian
2004,信息,583,Information
2004,咨询服务,567,Consultation
2004,仪器仪表,567,Instrumentation
2004,电子,542,Electronic
2004,系统,521,System
2004,器材,520,Equipment
2004,硬件,486,Hardware
2004,通讯设备,485,Communication
2004,制作,483,Production
2005,销售,4564,Sales
2005,计算机,4474,Computer
2005,服务,3891,Service
2005,设备,3167,Device
2005,技术,2705,Technology
2005,开发,2512,Development
2005,软硬件,1857,Software
2005,电子产品,1793,Electronic
2005,工程,1722,Engineering
2005,批准,1655,Approve
2005,设计,1500,Design
2005,安装,1416,Installation
2005,零售,1318,Retail
2005,批发,1296,Wholesale
2005,产品,1269,Product
2005,经营,1252,Operating
2005,咨询,1194,Advisory
2005,计算机软件,1183,Computer
2005,相关,1166,Related
2005,项目,1110,Project
2005,技术开发,1108,Technology
2005,配件,1105,Accessories
2005,维修,995,Service
2005,计算机网络,973,Computer
2005,耗材,943,Consumables
2005,活动,931,Activity
2005,办公用品,914,Office
2005,集成,891,Integrated
2005,网络,878,The
2005,技术咨询,860,Technical
2005,计算机系统,856,Computer
2005,后方,843,Rear
2005,部门,816,Department
2005,依法,809,According
2005,施工,804,Construction
2005,须,780,Must
2005,办公设备,775,Office
2005,维护,752,Maintain
2005,五金交电,748,Wujinjiaodian
2005,仪器仪表,731,Instrumentation
2005,通信,705,Communication
2005,器材,680,Equipment
2005,咨询服务,680,Consultation
2005,通讯设备,637,Communication
2005,系统集成,635,System
2005,信息,630,Information
2005,系统,629,System
2005,电子,621,Electronic
2005,布线,564,Wiring
2005,日用百货,559,Daily
2006,销售,4657,Sales
2006,计算机,4342,Computer
2006,服务,3620,Service
2006,设备,3029,Device
2006,开发,2504,Development
2006,技术,2501,Technology
2006,软硬件,1878,Software
2006,电子产品,1875,Electronic
2006,设计,1610,Design
2006,工程,1538,Engineering
2006,批准,1537,Approve
2006,安装,1311,Installation
2006,咨询,1268,Advisory
2006,经营,1164,Operating
2006,计算机软件,1157,Computer
2006,配件,1074,Accessories
2006,产品,1068,Product
2006,相关,1063,Related
2006,项目,1030,Project
2006,批发,1027,Wholesale
2006,技术开发,1025,Technology
2006,办公用品,1010,Office
2006,维修,993,Service
2006,零售,966,Retail
2006,计算机系统,952,Computer
2006,耗材,915,Consumables
2006,集成,911,Integrated
2006,活动,884,Activity
2006,计算机网络,868,Computer
2006,施工,838,Construction
2006,后方,805,Rear
2006,网络,804,The
2006,技术咨询,799,Technical
2006,五金交电,779,Wujinjiaodian
2006,部门,757,Department
2006,依法,752,According
2006,须,731,Must
2006,通信,706,Communication
2006,办公设备,705,Office
2006,仪器仪表,687,Instrumentation
2006,器材,680,Equipment
2006,信息,673,Information
2006,维护,656,Maintain
2006,布线,599,Wiring
2006,咨询服务,593,Consultation
2006,通讯设备,590,Communication
2006,通讯器材,580,Communication
2006,制作,574,Production
2006,日用百货,567,Daily
2006,系统,565,System
2007,销售,6218,Sales
2007,计算机,5522,Computer
2007,服务,4907,Service
2007,设备,3782,Device
2007,技术,3434,Technology
2007,开发,3038,Development
2007,软硬件,2468,Software
2007,电子产品,2413,Electronic
2007,工程,2125,Engineering
2007,设计,2090,Design
2007,批准,1866,Approve
2007,安装,1738,Installation
2007,咨询,1656,Advisory
2007,配件,1527,Accessories
2007,技术开发,1479,Technology
2007,经营,1461,Operating
2007,计算机软件,1365,Computer
2007,相关,1362,Related
2007,批发,1327,Wholesale
2007,产品,1318,Product
2007,项目,1254,Project
2007,维修,1243,Service
2007,办公用品,1233,Office
2007,零售,1216,Retail
2007,计算机系统,1194,Computer
2007,技术咨询,1171,Technical
2007,网络,1170,The
2007,集成,1170,Integrated
2007,耗材,1100,Consumables
2007,活动,1100,Activity
2007,计算机网络,1072,Computer
2007,后方,986,Rear
2007,施工,970,Construction
2007,维护,964,Maintain
2007,办公设备,950,Office
2007,五金交电,938,Wujinjiaodian
2007,部门,924,Department
2007,依法,922,According
2007,咨询服务,914,Consultation
2007,须,891,Must
2007,仪器仪表,859,Instrumentation
2007,信息,824,Information
2007,通信,819,Communication
2007,制作,799,Production
2007,通讯设备,786,Communication
2007,研发,753,Research
2007,器材,740,Equipment
2007,通讯器材,738,Communication
2007,电子,734,Electronic
2007,系统,718,System
2008,销售,4705,Sales
2008,计算机,4326,Computer
2008,服务,3581,Service
2008,设备,3064,Device
2008,技术,2535,Technology
2008,开发,2252,Development
2008,软硬件,2049,Software
2008,电子产品,1862,Electronic
2008,工程,1557,Engineering
2008,设计,1515,Design
2008,批准,1451,Approve
2008,咨询,1414,Advisory
2008,经营,1237,Operating
2008,安装,1237,Installation
2008,技术开发,1145,Technology
2008,配件,1110,Accessories
2008,项目,1061,Project
2008,产品,1058,Product
2008,计算机软件,1057,Computer
2008,相关,1045,Related
2008,计算机系统,1039,Computer
2008,维修,966,Service
2008,办公用品,964,Office
2008,技术咨询,951,Technical
2008,集成,949,Integrated
2008,活动,874,Activity
2008,耗材,858,Consumables
2008,网络,842,The
2008,后方,784,Rear
2008,计算机网络,777,Computer
2008,批发,772,Wholesale
2008,零售,755,Retail
2008,五金交电,734,Wujinjiaodian
2008,维护,729,Maintain
2008,依法,723,According
2008,部门,722,Department
2008,办公设备,709,Office
2008,施工,683,Construction
2008,信息,678,Information
2008,须,674,Must
2008,仪器仪表,664,Instrumentation
2008,布线,627,Wiring
2008,咨询服务,612,Consultation
2008,通信,612,Communication
2008,制作,592,Production
2008,日用百货,591,Daily
2008,器材,581,Equipment
2008,安防,573,Security
2008,通讯器材,570,Communication
2008,监控,545,Monitor
2009,销售,7919,Sales
2009,计算机,7123,Computer
2009,服务,6148,Service
2009,设备,5361,Device
2009,技术,4355,Technology
2009,开发,3974,Development
2009,软硬件,3474,Software
2009,电子产品,3326,Electronic
2009,工程,2803,Engineering
2009,设计,2776,Design
2009,安装,2323,Installation
2009,批准,2297,Approve
2009,咨询,2239,Advisory
2009,经营,1890,Operating
2009,计算机系统,1864,Computer
2009,技术开发,1810,Technology
2009,配件,1796,Accessories
2009,计算机软件,1786,Computer
2009,产品,1781,Product
2009,集成,1741,Integrated
2009,办公用品,1619,Office
2009,批发,1613,Wholesale
2009,项目,1588,Project
2009,耗材,1563,Consumables
2009,维修,1535,Service
2009,相关,1521,Related
2009,网络,1520,The
2009,技术咨询,1439,Technical
2009,零售,1422,Retail
2009,施工,1395,Construction
2009,活动,1385,Activity
2009,计算机网络,1380,Computer
2009,维护,1349,Maintain
2009,五金交电,1280,Wujinjiaodian
2009,办公设备,1243,Office
2009,后方,1208,Rear
2009,通信,1148,Communication
2009,部门,1131,Department
2009,研发,1123,Research
2009,依法,1120,According
2009,安防,1104,Security
2009,布线,1099,Wiring
2009,通讯设备,1093,Communication
2009,须,1081,Must
2009,制作,1066,Production
2009,仪器仪表,1063,Instrumentation
2009,咨询服务,1036,Consultation
2009,信息,1031,Information
2009,器材,1028,Equipment
2009,监控,983,Monitor
2010,销售,5976,Sales
2010,计算机,5276,Computer
2010,服务,5116,Service
2010,设备,4269,Device
2010,技术,3650,Technology
2010,批准,2824,Approve
2010,开发,2743,Development
2010,软硬件,2672,Software
2010,电子产品,2550,Electronic
2010,工程,2203,Engineering
2010,设计,2190,Design
2010,经营,2174,Operating
2010,项目,1942,Project
2010,安装,1881,Installation
2010,咨询,1851,Advisory
2010,相关,1781,Related
2010,活动,1598,Activity
2010,技术开发,1590,Technology
2010,后方,1543,Rear
2010,计算机软件,1439,Computer
2010,部门,1437,Department
2010,须,1424,Must
2010,依法,1410,According
2010,产品,1335,Product
2010,技术咨询,1306,Technical
2010,集成,1300,Integrated
2010,配件,1262,Accessories
2010,计算机系统,1256,Computer
2010,批发,1247,Wholesale
2010,办公用品,1235,Office
2010,耗材,1198,Consumables
2010,网络,1191,The
2010,计算机网络,1176,Computer
2010,维修,1167,Service
2010,零售,1166,Retail
2010,维护,1110,Maintain
2010,施工,1073,Construction
2010,研发,1045,Research
2010,办公设备,990,Office
2010,五金交电,960,Wujinjiaodian
2010,制作,919,Production
2010,咨询服务,885,Consultation
2010,安防,876,Security
2010,通信,850,Communication
2010,仪器仪表,820,Instrumentation
2010,企业,807,Enterprise
2010,信息,806,Information
2010,器材,803,Equipment
2010,代理,775,Proxy
2010,监控,773,Monitor
2011,销售,6966,Sales
2011,计算机,6487,Computer
2011,服务,6249,Service
2011,设备,4804,Device
2011,技术,4500,Technology
2011,软硬件,3391,Software
2011,开发,3295,Development
2011,电子产品,3094,Electronic
2011,咨询,2686,Advisory
2011,设计,2658,Design
2011,工程,2509,Engineering
2011,安装,2079,Installation
2011,技术开发,2023,Technology
2011,批准,1972,Approve
2011,经营,1859,Operating
2011,计算机系统,1769,Computer
2011,技术咨询,1752,Technical
2011,计算机软件,1682,Computer
2011,集成,1625,Integrated
2011,配件,1524,Accessories
2011,批发,1522,Wholesale
2011,办公用品,1506,Office
2011,项目,1490,Project
2011,网络,1463,The
2011,相关,1415,Related
2011,产品,1392,Product
2011,零售,1388,Retail
2011,研发,1291,Research
2011,维修,1277,Service
2011,五金交电,1224,Wujinjiaodian
2011,活动,1213,Activity
2011,维护,1207,Maintain
2011,耗材,1201,Consumables
2011,制作,1166,Production
2011,计算机网络,1155,Computer
2011,施工,1154,Construction
2011,企业,1114,Enterprise
2011,后方,1106,Rear
2011,办公设备,1054,Office
2011,技术转让,998,Technology
2011,信息,989,Information
2011,部门,977,Department
2011,代理,976,Proxy
2011,仪器仪表,975,Instrumentation
2011,安防,956,Security
2011,通讯设备,952,Communication
2011,辅助,948,Auxiliary
2011,依法,941,According
2011,须,939,Must
2011,日用百货,938,Daily
2012,销售,7369,Sales
2012,服务,7055,Service
2012,计算机,6756,Computer
2012,批准,5418,Approve
2012,设备,5295,Device
2012,技术,4810,Technology
2012,经营,4127,Operating
2012,软硬件,3669,Software
2012,开发,3526,Development
2012,项目,3409,Project
2012,电子产品,3351,Electronic
2012,相关,3104,Related
2012,设计,3091,Design
2012,咨询,3010,Advisory
2012,活动,2986,Activity
2012,后方,2898,Rear
2012,工程,2784,Engineering
2012,部门,2760,Department
2012,须,2718,Must
2012,依法,2670,According
2012,技术开发,2424,Technology
2012,安装,2235,Installation
2012,技术咨询,1996,Technical
2012,计算机软件,1913,Computer
2012,计算机系统,1876,Computer
2012,集成,1815,Integrated
2012,批发,1769,Wholesale
2012,配件,1688,Accessories
2012,办公用品,1661,Office
2012,网络,1661,The
2012,零售,1618,Retail
2012,产品,1473,Product
2012,研发,1461,Research
2012,制作,1446,Production
2012,维修,1368,Service
2012,维护,1308,Maintain
2012,计算机网络,1292,Computer
2012,耗材,1263,Consumables
2012,施工,1239,Construction
2012,技术转让,1226,Technology
2012,代理,1221,Proxy
2012,企业,1218,Enterprise
2012,五金交电,1191,Wujinjiaodian
2012,信息,1146,Information
2012,安防,1118,Security
2012,办公设备,1089,Office
2012,通信,1082,Communication
2012,辅助,1075,Auxiliary
2012,日用百货,1061,Daily
2012,咨询服务,1052,Consultation
2013,服务,8415,Service
2013,销售,7932,Sales
2013,计算机,7570,Computer
2013,技术,5757,Technology
2013,设备,5303,Device
2013,软硬件,4204,Software
2013,开发,4035,Development
2013,电子产品,3722,Electronic
2013,咨询,3696,Advisory
2013,设计,3462,Design
2013,工程,3012,Engineering
2013,技术开发,2747,Technology
2013,安装,2401,Installation
2013,批准,2354,Approve
2013,技术咨询,2258,Technical
2013,经营,2226,Operating
2013,批发,2193,Wholesale
2013,计算机软件,2084,Computer
2013,集成,2012,Integrated
2013,计算机系统,1985,Computer
2013,零售,1974,Retail
2013,网络,1951,The
2013,办公用品,1819,Office
2013,配件,1741,Accessories
2013,研发,1732,Research
2013,项目,1716,Project
2013,制作,1590,Production
2013,企业,1579,Enterprise
2013,相关,1533,Related
2013,产品,1482,Product
2013,维护,1477,Maintain
2013,计算机网络,1475,Computer
2013,活动,1469,Activity
2013,代理,1454,Proxy
2013,信息,1410,Information
2013,技术转让,1360,Technology
2013,维修,1349,Service
2013,施工,1333,Construction
2013,耗材,1305,Consumables
2013,后方,1286,Rear
2013,咨询服务,1283,Consultation
2013,管理,1261,Management
2013,五金交电,1244,Wujinjiaodian
2013,安防,1207,Security
2013,通信,1175,Communication
2013,日用百货,1160,Daily
2013,部门,1127,Department
2013,须,1122,Must
2013,通讯设备,1107,Communication
2013,依法,1088,According
2014,服务,12631,Service
2014,销售,10566,Sales
2014,计算机,9833,Computer
2014,技术,8358,Technology
2014,设备,7357,Device
2014,咨询,5622,Advisory
2014,开发,5497,Development
2014,软硬件,5332,Software
2014,设计,5247,Design
2014,电子产品,5053,Electronic
2014,技术开发,4063,Technology
2014,工程,4061,Engineering
2014,批准,3819,Approve
2014,批发,3510,Wholesale
2014,安装,3365,Installation
2014,技术咨询,3297,Technical
2014,零售,3216,Retail
2014,网络,3185,The
2014,经营,2867,Operating
2014,计算机软件,2788,Computer
2014,制作,2781,Production
2014,集成,2763,Integrated
2014,企业,2591,Enterprise
2014,计算机系统,2537,Computer
2014,活动,2524,Activity
2014,办公用品,2489,Office
2014,代理,2455,Proxy
2014,相关,2421,Related
2014,项目,2325,Project
2014,信息,2275,Information
2014,研发,2269,Research
2014,配件,2210,Accessories
2014,技术转让,2112,Technology
2014,维护,2091,Maintain
2014,计算机网络,2006,Computer
2014,管理,2004,Management
2014,咨询服务,2000,Consultation
2014,后方,1970,Rear
2014,产品,1956,Product
2014,部门,1908,Department
2014,依法,1852,According
2014,须,1846,Must
2014,维修,1774,Service
2014,耗材,1770,Consumables
2014,日用百货,1738,Daily
2014,施工,1645,Construction
2014,通信,1631,Communication
2014,通讯设备,1599,Communication
2014,发布,1586,Release
2014,五金交电,1572,Wujinjiaodian
2015,服务,16481,Service
2015,销售,12438,Sales
2015,技术,10119,Technology
2015,计算机,9773,Computer
2015,咨询,7588,Advisory
2015,设备,7234,Device
2015,设计,6021,Design
2015,电子产品,5731,Electronic
2015,技术开发,5641,Technology
2015,开发,5600,Development
2015,软硬件,5553,Software
2015,批准,4827,Approve
2015,网络,4615,The
2015,技术咨询,4150,Technical
2015,制作,3967,Production
2015,工程,3839,Engineering
2015,企业,3616,Enterprise
2015,经营,3533,Operating
2015,代理,3401,Proxy
2015,活动,3228,Activity
2015,信息,3179,Information
2015,计算机软件,3141,Computer
2015,安装,3111,Installation
2015,批发,3103,Wholesale
2015,管理,3042,Management
2015,相关,2975,Related
2015,技术转让,2954,Technology
2015,零售,2767,Retail
2015,项目,2756,Project
2015,集成,2691,Integrated
2015,办公用品,2638,Office
2015,研发,2625,Research
2015,计算机系统,2428,Computer
2015,后方,2426,Rear
2015,咨询服务,2403,Consultation
2015,部门,2370,Department
2015,须,2351,Must
2015,依法,2346,According
2015,日用百货,2326,Daily
2015,发布,2308,Release
2015,计算机网络,2233,Computer
2015,电子商务,2172,E-commerce
2015,策划,2152,Plan
2015,维护,2147,Maintain
2015,配件,2104,Accessories
2015,产品,2054,Product
2015,通讯设备,1792,Communication
2015,维修,1772,Service
2015,营销策划,1769,Marketing
2015,辅助,1694,Auxiliary
2016,服务,20180,Service
2016,销售,13583,Sales
2016,技术,12035,Technology
2016,计算机,10967,Computer
2016,咨询,8336,Advisory
2016,设备,8040,Device
2016,技术开发,6949,Technology
2016,设计,6863,Design
2016,电子产品,6462,Electronic
2016,软硬件,6285,Software
2016,批准,6249,Approve
2016,开发,5879,Development
2016,网络,5128,The
2016,技术咨询,5102,Technical
2016,制作,4612,Production
2016,经营,4561,Operating
2016,代理,4478,Proxy
2016,工程,4368,Engineering
2016,活动,4206,Activity
2016,企业,4120,Enterprise
2016,信息,3983,Information
2016,技术转让,3808,Technology
2016,相关,3799,Related
2016,批发,3625,Wholesale
2016,计算机软件,3595,Computer
2016,项目,3506,Project
2016,管理,3410,Management
2016,安装,3297,Installation
2016,零售,3293,Retail
2016,后方,3141,Rear
2016,部门,3111,Department
2016,研发,3057,Research
2016,办公用品,3013,Office
2016,集成,3007,Integrated
2016,须,3002,Must
2016,依法,2981,According
2016,咨询服务,2944,Consultation
2016,日用百货,2918,Daily
2016,发布,2840,Release
2016,策划,2813,Plan
2016,电子商务,2711,E-commerce
2016,计算机系统,2660,Computer
2016,计算机网络,2400,Computer
2016,配件,2351,Accessories
2016,产品,2179,Product
2016,进出口,2144,Import
2016,维护,2133,Maintain
2016,营销策划,2123,Marketing
2016,辅助,2090,Auxiliary
2016,广告,2067,Ad
2017,服务,28366,Service
2017,销售,17915,Sales
2017,技术,16647,Technology
2017,计算机,13394,Computer
2017,咨询,10522,Advisory
2017,设备,9381,Device
2017,批准,9377,Approve
2017,技术开发,9245,Technology
2017,设计,8819,Design
2017,软硬件,7964,Software
2017,电子产品,7674,Electronic
2017,技术咨询,7203,Technical
2017,开发,7171,Development
2017,经营,6536,Operating
2017,活动,6518,Activity
2017,网络,6399,The
2017,制作,6073,Production
2017,信息,5575,Information
2017,代理,5497,Proxy
2017,相关,5479,Related
2017,技术转让,5415,Technology
2017,企业,5270,Enterprise
2017,项目,5236,Project
2017,工程,5213,Engineering
2017,后方,4869,Rear
2017,部门,4767,Department
2017,须,4701,Must
2017,依法,4586,According
2017,管理,4482,Management
2017,计算机软件,4149,Computer
2017,集成,4057,Integrated
2017,研发,3995,Research
2017,零售,3986,Retail
2017,咨询服务,3927,Consultation
2017,安装,3784,Installation
2017,日用百货,3775,Daily
2017,策划,3735,Plan
2017,发布,3676,Release
2017,批发,3619,Wholesale
2017,办公用品,3508,Office
2017,计算机系统,3458,Computer
2017,电子商务,3315,E-commerce
2017,进出口,3202,Import
2017,计算机网络,3005,Computer
2017,食品,3005,Food
2017,营销策划,2830,Marketing
2017,产品,2755,Product
2017,辅助,2728,Auxiliary
2017,配件,2701,Accessories
2017,广告,2660,Ad
2018,服务,24682,Service
2018,技术,13685,Technology
2018,销售,13519,Sales
2018,计算机,11725,Computer
2018,技术开发,8622,Technology
2018,设备,8563,Device
2018,咨询,8115,Advisory
2018,设计,6955,Design
2018,电子产品,6648,Electronic
2018,软硬件,6626,Software
2018,批准,6481,Approve
2018,技术咨询,6440,Technical
2018,网络,5703,The
2018,开发,5562,Development
2018,技术转让,5152,Technology
2018,制作,5102,Production
2018,经营,4950,Operating
2018,活动,4722,Activity
2018,代理,4540,Proxy
2018,企业,4378,Enterprise
2018,相关,4109,Related
2018,信息,3935,Information
2018,管理,3887,Management
2018,项目,3784,Project
2018,工程,3655,Engineering
2018,后方,3604,Rear
2018,咨询服务,3535,Consultation
2018,部门,3439,Department
2018,须,3439,Must
2018,计算机软件,3424,Computer
2018,集成,3424,Integrated
2018,依法,3284,According
2018,研发,3216,Research
2018,发布,3193,Release
2018,策划,3179,Plan
2018,安装,3043,Installation
2018,批发,3020,Wholesale
2018,办公用品,2944,Office
2018,零售,2944,Retail
2018,计算机系统,2771,Computer
2018,辅助,2679,Auxiliary
2018,日用百货,2572,Daily
2018,计算机网络,2485,Computer
2018,营销策划,2364,Marketing
2018,软件,2343,Software
2018,通讯设备,2177,Communication
2018,信息技术,2151,Information
2018,广告,2114,Ad
2018,配件,2095,Accessories
2018,文化,2015,Culture
2019,服务,10964,Service
2019,技术,6169,Technology
2019,销售,5496,Sales
2019,计算机,5191,Computer
2019,技术开发,3688,Technology
2019,设备,3678,Device
2019,批准,3481,Approve
2019,咨询,3329,Advisory
2019,技术咨询,3082,Technical
2019,软硬件,2999,Software
2019,设计,2968,Design
2019,电子产品,2821,Electronic
2019,技术转让,2438,Technology
2019,活动,2435,Activity
2019,经营,2333,Operating
2019,网络,2228,The
2019,开发,2205,Development
2019,制作,2199,Production
2019,相关,2135,Related
2019,企业,2074,Enterprise
2019,代理,2007,Proxy
2019,工程,1946,Engineering
2019,项目,1917,Project
2019,部门,1890,Department
2019,后方,1851,Rear
2019,须,1808,Must
2019,依法,1779,According
2019,管理,1735,Management
2019,信息,1705,Information
2019,集成,1566,Integrated
2019,咨询服务,1497,Consultation
2019,发布,1451,Release
2019,策划,1333,Plan
2019,安装,1324,Installation
2019,零售,1301,Retail
2019,办公用品,1290,Office
2019,研发,1284,Research
2019,计算机软件,1277,Computer
2019,计算机系统,1270,Computer
2019,辅助,1256,Auxiliary
2019,批发,1246,Wholesale
2019,日用百货,1173,Daily
2019,营销策划,1074,Marketing
2019,广告,1020,Ad
2019,软件,965,Software
2019,计算机网络,917,Computer
2019,配件,893,Accessories
2019,互联网,892,The
2019,信息技术,891,Information
2019,家用电器,881,Household